cocktail name,Sort of drink,ingredient 1,ingredient 2,ingredient 3,ingredient 4,ingredient 5,ingredient 6,ingredient 7,ingredient 8,ingredient 9,method,glass,extra,garnish,
ALEXANDER,After Dinner Cocktail,3 cognac,3 creme de Cacao,3 Fresh Cream,,,,,,,shake & strain,cocktail,nutmeg,,
AMERICANO,Before Dinner Cocktail,3 Campari,3 red vermouth,splash soda,,,,,,,mix with ice,old-fashioned,,half orange slice,
ANGEL FACE,All Day Cocktail,3 Gin,3 Apricot Brandy,3 Calvados,,,,,,,shake & strain,cocktail,,,
AVIATION,All Day Cocktail,4.5 Gin,1.5 Maraschino,1.5 Lemon Juice,,,,,,,shake & strain,cocktail,,,
B52,After Dinner,2 cl Kahlua,2 cl Bailey's Irish Cream,"2 cl Grand Marnier (Flame, serve while burning)",,,,,,,Layer ingredients,,straw on side plate,,
BACARDI,Before Dinner Cocktail,4.5 Bacardi Rum White,2 Fresh lime juice,1 Grenadine,,,,,,,shake & strain,cocktail,,,
BARRACUDA,Sparkling Cocktail,4.5 cl Gold rum,1.5 cl Galliano,6 cl Pineapple juice,1 dash Fresh lime juice,Top with Prosecco,,,,,,cocktail,,,
BELLINI,Sparkling Cocktail,10 Prosecco,5 Fresh peach puree,,,,,,,,stir,wine glass,,,
BETWEEN THE SHEETS,All Day Cocktail,3 White Rum,3 Cognac,3 Triple Sec,2 Fresh lemon juice,,,,,,shake & strain,cocktail,,,
BLACK RUSSIAN,After Dinner Cocktail,5 Vodka,2 Coffee liqueur,,,,,,,,stir,old-fashioned,for White Russian: float fresh cream on the top and stir gently,,
BLOODY MARY,Longdrink,4.5 Vodka,9 Tomato juice,1.5 Lemon juice,2 to 3 dashes of Worcestershire Sauce,Tabasco,Celery salt,Pepper,,,stir,highball,,elery and lemon wedge,
BRAMBLE,All Day Cocktail,4 cl Gin,1.5 cl Fresh Lemon Juice,1 cl Sugar syrup,1.5 cl Blackberry liqueur (top off with),,,,,,stir,rock,,"lemon slice, and two blackberries",
CAIPIRINHA,All Day Cocktail,half fresh lime cut into 4 wedges,2 teaspoon sugar,5 Cachaca (to fill in the end),,,,,,,muddle,old-fashioned,,,
CASINO,All Day Cocktail,4 Old Tom Gin,1 Maraschino,1 Orange Bitters,1 Fresh lemon juice,,,,,,shake & strain,cocktail,,lemon twist and a maraschino cherry,
CHAMPAGNE COCKTAIL,Sparkling Cocktail,9 Chilled Champagne,1 Cognac,2 dashes Angostura Bitters (add on sugar cube),1 sugar cube,,,,,,,champagne flute,,orange slice and maraschino cherry.,
CLOVER CLUB,All Day Cocktail,4.5 Gin,1.5 Raspberry syrup,1.5 Fresh lemon Juice,Few drops of Egg White,,,,,,shake & strain,cocktail,,,
COSMOPOLITAN,All Day Cocktail,4 Citron Vodka,1.5 Cointreau,1.5 Fresh lime juice,3 Cranberry juice,,,,,,shake & strain,cocktail (large),,lime slice,
CUBA LIBRE,Longdrink,5 White Rum,12 Cola,1 Fresh lime juice,,,,,,,,highball,,lime wedge,
DAIQUIRI,Before Dinner Cocktail,4.5 White rum,2.5 Fresh lime juice,1.5 Simple syrup,,,,,,,shake & strain,cocktail,,,
DARK ‘N' STORMY,Longdrink,6 cl Dark Rum,10 cl Ginger Beer,,,,,,,,pour,highball,,lime wedge,
DERBY,All Day Cocktail,6 Gin,2 Drops Peach Bitters,2 Fresh mint leafs,,,,,,,Stir & strain,cocktail,,fresh mint leaves,
DIRTY MARTINI,Before Dinner Cocktail,6 cl Vodka,1 cl Dry Vermouth,1 cl Olive juice,,,,,,,stir & strain,martini glass,,green olive,
DRY MARTINI,Before Dinner Cocktail,6 Gin,1 Dry Vermouth,,,,,,,,Stir & strain,Martini glass,Squeeze oil from lemon peel onto the drink,olive,
ESPRESSO MARTINI,After Dinner Cocktail,5 cl Vodka,1 cl Kahlúa,Sugar syrup,1 short strong Espresso,,,,,,shake & strain,cocktail,,,
FRENCH 75,Sparkling Cocktail,3 Gin,1.5 Fresh lemon juice,2 dashes Sugar syrup,"6 Champagne (top up with, stir)",,,,,,shake & strain,champagne flute,,,
FRENCH CONNECTION,After Dinner Cocktail,3.5 Cognac,3.5 DiSaronno,,,,,,,,stir,old-fashioned,,,
FRENCH MARTINI,Before Dinner Cocktail,4.5 cl Vodka,1.5 cl Raspberry liqueur,1.5 cl Fresh pineapple juice,,,,,,,stir & strain,cocktail,,Squeeze oil from lemon peel,
GIN FIZZ,Longdrink,4.5 Gin,3 Fresh lemon juice,1 Sugar syrup,8 Soda water to top with at end,,,,,,Shake,tumbler,,lemon slice,
GOD FATHER,After Dinner Cocktail,3.5 Scotch,3.5 DiSaronno,,,,,,,,stir,old-fashioned,,,
GOD MOTHER,After Dinner Cocktail,3.5 Vodka,3.5 DiSaronno,,,,,,,,stir,old-fashioned,,,
GOLDEN DREAM,After Dinner Cocktail,2 Galliano,2 Triple sec,2 Fresh Orange juice,1 Fresh cream,,,,,,shake & strain,cocktail,,,
GRASSHOPPER,After Dinner Cocktail,3 Créme de cacao (white),3 Créme de menthe (green),,,,,,,,shake & strain,cocktail,,,
HARVEY WALLBANGER,All Day Cocktail,4.5 Vodka,1.5 Galliano (to float on drink),9 Orange juice,,,,,,,stir,highball,,orange slices and cherry,
HEMINGWAY SPECIAL,All Day Cocktail,6 White Rum,4 Grapefruit juice,1.5 Maraschino,1.5 Fresh lime juice,,,,,,shake & strain,double cocktail,,,
HORSE’S NECK,Longdrink,4 Cognac,12 Ginger Ale,Dash of Angostura bitters (optional),,,,,,,stir,highball,add dashes of Angostura bitters,rind of one lemon spiral,
IRISH COFFEE,Hot Drink,4 Irish whiskey (heat up),9 Hot coffee,3 Fresh cream (float on top),1 teaspoon of brown sugar,,,,,,warm & pour,,,,
JOHN COLLINS,Longdrink,4.5 Gin,3 Fresh lemon juice,1.5 Sugar syrup,6 Soda water,,,,,,Stir,highball glass,dash of Angostura bitters,lemon slice and maraschino cherry,Note: Use Old Tom Gin for Tom Collins
KAMIKAZE,All Day Cocktail,3 cl Vodka,3 cl Triple sec,3 cl Fresh lime juice,,,,,,,shake & strain,cocktail,,,
KIR,Before Dinner Cocktail,9 Dry White Wine (top up with),1 Créme de Cassis,,,,,,,,Pour,champagne glass,For Kir Royal: Use champagne instead of white wine,,
LEMON DROP MARTINI,All Day Cocktail,2.5 cl Vodka Citron,2 cl Triple Sec,1.5 cl Fresh lemon juice,,,,,,,shake & strain,cocktail,glass rimmed with suga,slice of lemon,
LONG ISLAND ICED TEA,Longdrink,1.5 Tequila,1.5 Vodka,1.5 White Rum,1.5 Triple sec,1.5 Gin,"2.5 Lemon juice, fresh",3.0 Gomme syrup,1 dash of Cola,,stir,highball,serve with straw.,lemon spiral,
MAI-TAI,Longdrink,4 White Rum,2 Dark Rum,1.5 Orange Curaćao,1.5 Orgeat syrup,1 Fresh lime juice,,,,,shake & strain,highball,serve with straw.,"pineapple spear, mint leaves and lime peel",
MANHATTAN,Before Dinner Cocktail,5 Rye Whiskey,2 Red Vermouth,1 dash Angostura Bitters,,,,,,,shake & strain,cocktail,,cocktail cherry,
MARGARITA,All Day Cocktail,3.5 Tequila,2 Cointreau,1.5 Freshly squeezed lime juice,,,,,,,shake & strain,cocktail,glass rimmed with salt,,
MARY PICKFORD,All Day Cocktail,6 White Rum,1 Maraschino,6 Fresh pineapple juice,1 Grenadine syrup,,,,,,shake & strain,(large) cocktail,,,
MIMOSA,Sparkling Cocktail,7.5 Champagne,"7.5 Orange juice, fresh",,,,,,,,stir,flute,,orange twist,
MINT JULEP,Longdrink,6 cl Bourbon whiskey,4 fresh mint sprigs,1 teaspoon powdered sugar,2 teaspoons water,,,,,,"muddle the mint, sugar and water. stir",highball,,mint spring,
MOJITO,Longdrink,4 White Cuban Rum,3 Fresh lime juice,6 Mint springs,2 teaspoons white sugar,Soda water,,,,,"muddle lime, sugar and mint",highball,Serve with straw.,spring of mint leaves and lemon slice.,
MONKEY GLAND,All Day Cocktail,5 Gin,3 Orange juice,2 drops Absinth,2 drops Grenadine,,,,,,shake & strain,cocktail,,,
MOSCOW MULE,Longdrink,4.5 Vodka,12 Ginger beer,"0.5 Lime juice, fresh",1 slice lime in a highball glass,,,,,,,highball,,lime slice,
NEGRONI,Before Dinner Cocktail,3 Gin,3 Campari,3 Sweet Red Vermouth,,,,,,,Stir,old-fashioned,,half orange slice,
OLD FASHIONED,Before Dinner Cocktail,4.5 Bourbon or Rye whiskey,2 Dashes Angostura Bitters,1 sugar cube,Few dashes plain water,,,,,,"Disolve sugar with bitters and water,add rest.",old-fashioned,,orange slice and a cocktail cherry,
PARADISE,All Day Cocktail,3.5 Gin,2 Apricot Brandy,1.5 Orange juice,,,,,,,shake & strain,cocktail,,,
PINA COLADA,Longdrink,3 cl White Rum,9 cl Pineapple juice,3 cl Coconut milk,,,,,,,blend,large goblet or Hurricane,Serve with straw.,slice of pineapple with a cocktail cherry,
PISCO SOUR,All Day Cocktail,4.5 cl Pisco,3 cl Fresh lemon juice,2 cl Sugar syrup,1 raw egg white (small egg),,,,,,shake & strain,champagne flute,,Dash some Angostura bitters on top,
PLANTER'S PUNCH,Longdrink,4.5 Dark rum,3.5 Fresh orange juice,3.5 Fresh pineapple juice,2 Fresh lemon juice,1 Grenadine,1 Sugar syrup,3 to 4 dashes Angostura bitters (add in the end on top),,,,large glass,,cocktail cherry and pineapple,
PORTO FLIP,After Dinner Cocktail,1.5 Brandy,4.5 Red Port,1 Egg yolk,,,,,,,shake & strain,cocktail,,fresh ground nutmeg,
RAMOS FIZZ,Longdrink,4.5 Gin,1.5 Lime juice,1.5 Fresh lemon juice,3 Sugar syrup,6 Cream,1 Egg white,3 dashes Orange flower water,drops Vanilla extract,Soda water(to top off with),"dry shake, hard shake & strain",highball,,,
ROSE,,2 cl Kirsch,4 cl Dry Vermouth,3 dashes Strawberry syrup,,,,,,,stir & strain,cocktail,,,
RUSSIAN SPRING PUNCH,Sparkling Cocktail,2.5 cl Vodka,"2.5 cl Lemon Juice, fresh",1.5 cl Créme de Cassis,1 cl Sugar Syrup,,,,,,shake,highball,top with sparkling wine,lemon slice and a blackberry,
RUSTY NAIL,After Dinner Cocktail,4.5 Scotch whisky,2.5 Drambuie,,,,,,,,Stir gently,old-fashioned,,lemon twist,
SAZERAC,After Dinner Cocktail,5 Cognac,1 Absinthe ( Rinse glass with then discard excess),1 sugar cube,2 dashes Peychaud’s bitters,,,,,,stir & strain,old-fashioned,,Lemon peel,
SCREWDRIVER,All Day Cocktail,5 Vodka,10 Orange juice,,,,,,,,stir,highball,,orange slice,
SEA BREEZE,Longdrink,4 cl Vodka,12 cl Cranberry juice,3 cl Grapefruit juice,,,,,,,pour (build),rock,,lime wedge,
SEX ON THE BEACH,Longdrink,4 cl Vodka,2 cl Peach schnapps,4 cl Cranberry juice,4 cl Orange juice,,,,,,pour (build),highball,,orange slice,
SIDECAR,All Day Cocktail,5 Cognac,2 Triple Sec,2 Fresh lemon juice,,,,,,,shake & strain,cocktail,,,
SINGAPORE SLING,Longdrink,3 cl Gin,1.5 cl Cherry liqueur,0.75 cl Cointreau,0.75 cl DOM Bénédictine,12.0 cl Pineapple juice,1.5 cl Lime juice,1 cl Grenadine,1 dash Angostura bitters,,shake & strain,highball,,pineapple and cocktail cherry,
SPRITZ VENEZIANO,Sparkling Cocktail,6 cl Prosecco,4 cl Aperol,Splash of Soda water (top with),,,,,,,pour (build),old-fashioned,,half orange slice,
STINGER,After Dinner Cocktail,5 Cognac,2 Créme de Menthe (white),,,,,,,,stir & strain,cocktail,,,
TEQUILA SUNRISE,Longdrink,4.5 cl Tequila,9 cl Orange juice,1.5 cl Grenadine (add in the end),,,,,,,"pour, do not stir",highball,,,
TOMMY’S MARGARITA,All Day Cocktail,4.5 cl Tequila,1.5 cl Freshly squeezed lime juice,2 bar spoons of Agave nectar,,,,,,,shake & strain,cocktail,,,
TUXEDO,All Day Cocktail,3 Old Tom Gin,3 Dry Vermouth,1/2 bar spoon Maraschino,1/4 bar spoon Absinthe,3 dashes Orange Bitters,,,,,stir & strain,cocktail,,cocktail cherry and a lemon zest twist,
VAMPIRO,,5 cl Tequila (silver),7 cl Tomato juice,"3 cl Orange Juice, fresh","1 cl Lime juice, fresh",1 teaspoon clear honey,Half slice onion finely chopped,Few slices fresh red hot chili peppers,Few drops Worchestershire sauce,Salt,shake & strain,highball,,wedge of lime and a chili,
VESPER,Before Dinner Cocktail,6 cl Gin,1.5 cl Vodka,0.75 cl Lillet Blonde,Lemon twist (garnish),,,,,,shake & strain,cocktail,,Lemon twist,
WHISKEY SOUR,Before Dinner Cocktail,4.5 Bourbon Whiske,3.0 Fresh lemon juice,1.5 Sugar syrup,,,,,,,shake & strain,cocktail,Foam up dash egg white,half orange slice and maraschino cherry,
WHITE LADY,All Day Cocktail,4 Gin,3 Triple Sec,2 Fresh lemon juice,,,,,,,shake & strain,cocktail (large),,,
YELLOW BIRD,All Day Cocktail,3 cl White Rum,1.5 cl Galliano,1.5 cl Triple sec,1.5 cl Lime juice,,,,,,shake & strain,cocktail,,,